{
    "name": "quest",
    "use": "quest",
    "column": 0,
    "x": -0.027829477106817824,
    "y": -0.2326084335287276,
    "z": 0,
    "roll": 0,
    "pitch": 0,
    "yaw": -90
}