{
    "name": "quest",
    "use": "quest",
    "column": 0,
    "x": -0.06970059458162449,
    "y": -0.20179077121655561,
    "z": 0,
    "roll": 0,
    "pitch": 0,
    "yaw": -90
}