{
    "name": "quest",
    "use": "quest",
    "column": 0,
    "x": -0.07319503222,
    "y": -0.196181300,
    "z": 0,
    "roll": 0,
    "pitch": 0,
    "yaw": -90
}