{
    "name": "quest",
    "use": "quest",
    "column": 0,
    "x": -0.09161617886765051,
    "y": -0.2569117937686187,
    "z": 0,
    "roll": 0,
    "pitch": 0,
    "yaw": -94
}