{
    "name": "quest",
    "use": "quest",
    "column": 0,
    "x": -0.06550460228207183,
    "y": -0.25189988654558647,
    "z": 0,
    "roll": 0,
    "pitch": 0,
    "yaw": -94
}