{
    "name": "quest",
    "use": "quest",
    "column": 0,
    "x": -0.07283814843644881,
    "y": -0.25677669752504945,
    "z": 0,
    "roll": 0,
    "pitch": 0,
    "yaw": -94
}