{
  "drive": {
    "p": 0.0000191,
    "i": 0,
    "d": 0,
    "f": 0,
    "iz": 0
  },
  "angle": {
    "p": 0.0049671,
    "i": 0.00000,
    "d": 0,
    "f": 0,
    "iz": 5
  }
}