{
  "drive": {
    "p": 0.00012171125,
    "i": 0,
    "d": 0,
    "f": 0,
    "iz": 0
  },
  "angle": {
    "p": 0.005,
    "i": 0.00000,
    "d": 0,
    "f": 0,
    "iz": 5
  }
}