{
    "s":0.071919,
    "v": 2.4314,
    "a": 0.40149
}