{
    "s": 0.19194,
    "v": 2.4878,
    "a": 0.24723
}