{
    "s": 0.27176,
    "v": 2.6187,
    "a": 0.42936
}