{
    "s": 0.24277,
    "v": 2.4577,
    "a": 0.28038
}