{
    "s": 0.19656,
    "v": 2.2871,
    "a": 0.35278
}