{
    "s": 0.34843,
    "v": 2.4264,
    "a": 0.32644
}