{
    "s": 0.14854,
    "v": 2.3841,
    "a": 0.14352
}