{
    "s": 0.14731,
    "v": 2.4309,
    "a": 0.13101
}