{
    "s": 0.15778,
    "v": 2.3846,
    "a": 0.16188
}