{
    "name": "quest",
    "use": "quest",
    "column": 0,
    "x": 0.15564313850639336,
    "y": -0.008800545563151688,
    "z": 0,
    "roll": 0,
    "pitch": 0,
    "yaw": 0
}