{
    "s": 0.22532,
    "v": 2.6365,
    "a": 0.23067
}