{
    "s": 0.16686,
    "v": 2.4973,
    "a": 0.17084
}