{
    "s": 0.21601,
    "v": 2.6579,
    "a": 0.14614
}