{
    "s": 0.06918,
    "v": 2.4052,
    "a": 0.36479
}