{
    "s": 0.13796,
    "v": 2.3535,
    "a": 0.12761
}