{
    "s": 0.24936,
    "v": 2.6467,
    "a": 0.14296
}