{
    "s": 0.13733,
    "v": 2.3458,
    "a": 0.18856
}