{
    "s": 0.14636,
    "v": 2.3908,
    "a": 0.16146
}