{
    "s": 0.16279,
    "v": 2.4572,
    "a": 0.17084
}