{
    "s": 0.12762,
    "v": 2.4745,
    "a": 0.17084
}