{
    "s": 0.18254,
    "v": 2.5478,
    "a": 0.24684
}