{
    "s": 0.21079,
    "v": 2.5674,
    "a": 0.20339
}