{
    "s": 0.14885,
    "v": 2.4139,
    "a": 0.163368
}